,Player,Base Price,TYPE,COST IN ₹ (CR.),Cost IN $ (000),2021 Squad,Team,COST IN ₹ (CR.
0,Rashid Khan,Draft Pick,BOWLER,15.0,1950.0,SRH,Gujarat Titans,
1,Hardik Pandya,Draft Pick,ALL-ROUNDER,15.0,1950.0,MI,Gujarat Titans,
2,Lockie Ferguson,2 Cr,BOWLER,10.0,1300.0,KKR,Gujarat Titans,
3,Rahul Tewatia,40 Lakh,ALL-ROUNDER,9.0,1170.0,RR,Gujarat Titans,
4,Shubman Gill,Draft Pick,BATTER,8.0,1040.0,KKR,Gujarat Titans,
5,Mohammad Shami,2 Cr,BOWLER,6.25,812.5,PBKS,Gujarat Titans,
6,Yash Dayal,20 Lakh,BOWLER,3.2,416.0,,Gujarat Titans,
7,David Miller,1 Cr,BATTER,3.0,390.0,RR,Gujarat Titans,
8,R. Sai Kishore,20 Lakh,BOWLER,3.0,390.0,CSK,Gujarat Titans,
9,Abhinav Sadarangani,20 Lakh,BATTER,2.6,338.0,,Gujarat Titans,
10,Matthew Wade,2 Cr,WICKETKEEPER,2.4,312.0,,Gujarat Titans,
11,Alzarri Joseph,75 Lakh,BOWLER,2.4,312.0,,Gujarat Titans,
12,Jason Roy,2 Cr,BATTER,2.0,260.0,SRH,Gujarat Titans,
13,Wriddhiman Saha,1 Cr,WICKETKEEPER,1.9,247.0,SRH,Gujarat Titans,
14,Jayant Yadav,1 Cr,ALL-ROUNDER,1.7,221.0,MI,Gujarat Titans,
15,Vijay Shankar,50 Lakh,ALL-ROUNDER,1.4,182.0,SRH,Gujarat Titans,
16,Dominic Drakes,75 Lakh,ALL-ROUNDER,1.1,143.0,CSK,Gujarat Titans,
17,Varun Aaron,50 Lakh,BOWLER,0.5,65.0,,Gujarat Titans,
18,Gurkeerat Singh,50 Lakh,ALL-ROUNDER,0.5,65.0,KKR,Gujarat Titans,
19,Noor Ahmad,30 Lakh,BOWLER,0.3,39.0,,Gujarat Titans,
20,Darshan Nalkande,20 Lakh,ALL-ROUNDER,0.2,26.0,PBKS,Gujarat Titans,
21,Pradeep Sangwan,20 Lakh,ALL-ROUNDER,0.2,26.0,,Gujarat Titans,
22,Ravindra Jadeja,Retained,ALL-ROUNDER,16.0,2080.0,CSK,Chennai Super Kings,
23,Deepak Chahar,2 Cr,BOWLER,14.0,1820.0,CSK,Chennai Super Kings,
24,MS Dhoni,Retained,WICKETKEEPER,12.0,1560.0,CSK,Chennai Super Kings,
25,Moeen Ali,Retained,ALL-ROUNDER,8.0,1040.0,CSK,Chennai Super Kings,
26,Ambati Rayudu,2 Cr,WICKETKEEPER,6.75,877.5,CSK,Chennai Super Kings,
27,Ruturaj Gaikwad,Retained,BATTER,6.0,780.0,CSK,Chennai Super Kings,
28,Dwayne Bravo,2 Cr,ALL-ROUNDER,4.4,572.0,CSK,Chennai Super Kings,
29,Shivam Dube,50 Lakh,ALL-ROUNDER,4.0,520.0,RR,Chennai Super Kings,
30,Chris Jordan,2 Cr,ALL-ROUNDER,3.6,468.0,PBKS,Chennai Super Kings,
31,Robin Uthappa,2 Cr,BATTER,2.0,260.0,CSK,Chennai Super Kings,
32,Mitchell Santner,1 Cr,ALL-ROUNDER,1.9,247.0,CSK,Chennai Super Kings,
33,Adam Milne,1.5 Cr,BOWLER,1.9,247.0,MI,Chennai Super Kings,
34,Rajvardhan Hangargekar,30 Lakh,ALL-ROUNDER,1.5,195.0,,Chennai Super Kings,
35,Prashant Solanki,20 Lakh,BOWLER,1.2,156.0,,Chennai Super Kings,
36,Devon Conway,1 Cr,BATTER,1.0,130.0,,Chennai Super Kings,
37,Maheesh Theekshana,50 Lakh,BOWLER,0.7,91.0,,Chennai Super Kings,
38,Dwaine Pretorius,50 Lakh,ALL-ROUNDER,0.5,65.0,,Chennai Super Kings,
39,K.Bhagath Varma,20 Lakh,ALL-ROUNDER,0.2,26.0,CSK,Chennai Super Kings,
40,Simarjeet Singh,20 Lakh,BOWLER,0.2,26.0,MI,Chennai Super Kings,
41,N. Jagadeesan,20 Lakh,WICKETKEEPER,0.2,26.0,CSK,Chennai Super Kings,
42,C.Hari Nishaanth,20 Lakh,BATTER,0.2,26.0,CSK,Chennai Super Kings,
43,K.M. Asif,20 Lakh,BOWLER,0.2,26.0,CSK,Chennai Super Kings,
44,Tushar Deshpande,20 Lakh,BOWLER,0.2,26.0,,Chennai Super Kings,
45,Subhranshu Senapati,20 Lakh,BATTER,0.2,26.0,,Chennai Super Kings,
46,Mukesh Choudhary,20 Lakh,BOWLER,0.2,26.0,,Chennai Super Kings,
47,Rishabh Pant,Retained,WICKETKEEPER,16.0,2080.0,DC,Delhi Capitals,
48,Shardul Thakur,2 Cr,BOWLER,10.75,1397.5,CSK,Delhi Capitals,
49,Axar Patel,Retained,ALL-ROUNDER,9.0,1170.0,DC,Delhi Capitals,
50,Prithvi Shaw,Retained,BATTER,7.5,975.0,DC,Delhi Capitals,
51,Mitchell Marsh,2 Cr,ALL-ROUNDER,6.5,845.0,,Delhi Capitals,
52,Anrich Nortje,Retained,BOWLER,6.5,845.0,DC,Delhi Capitals,
53,David Warner,2 Cr,BATTER,6.25,812.5,SRH,Delhi Capitals,
54,Syed Khaleel Ahmed,50 Lakh,BOWLER,5.25,682.5,SRH,Delhi Capitals,
55,Chetan Sakariya,50 Lakh,BOWLER,4.2,546.0,RR,Delhi Capitals,
56,Rovman Powell,75 Lakh,BATTER,2.8,364.0,,Delhi Capitals,
57,K.S. Bharat,20 Lakh,WICKETKEEPER,2.0,260.0,RCB,Delhi Capitals,
58,Mustafizur Rahman,2 Cr,BOWLER,2.0,260.0,RR,Delhi Capitals,
59,Kuldeep Yadav,1 Cr,BOWLER,2.0,260.0,KKR,Delhi Capitals,
60,Kamlesh Nagarkoti,40 Lakh,ALL-ROUNDER,1.1,143.0,KKR,Delhi Capitals,
61,Mandeep Singh,50 Lakh,BATTER,1.1,143.0,PBKS,Delhi Capitals,
62,Lalit Yadav,20 Lakh,ALL-ROUNDER,0.65,84.5,DC,Delhi Capitals,
63,Tim Seifert,50 Lakh,WICKETKEEPER,0.5,65.0,KKR,Delhi Capitals,
64,Pravin Dubey,20 Lakh,ALL-ROUNDER,0.5,65.0,DC,Delhi Capitals,
65,Lungisani Ngidi,50 Lakh,BOWLER,0.5,65.0,CSK,Delhi Capitals,
66,Yash Dhull,20 Lakh,ALL-ROUNDER,0.5,65.0,,Delhi Capitals,
67,Ashwin Hebbar,20 Lakh,BATTER,0.2,26.0,,Delhi Capitals,
68,Sarfaraz Khan,20 Lakh,ALL-ROUNDER,0.2,26.0,PBKS,Delhi Capitals,
69,Ripal Patel,20 Lakh,ALL-ROUNDER,0.2,26.0,DC,Delhi Capitals,
70,Vicky Ostwal,20 Lakh,ALL-ROUNDER,0.2,26.0,,Delhi Capitals,
71,Shreyas Iyer,2 Cr,BATTER,12.25,1592.5,DC,Kolkata Knight Riders,
72,Andre Russell,Retained,ALL-ROUNDER,12.0,1560.0,KKR,Kolkata Knight Riders,
73,Nitish Rana,1 Cr,ALL-ROUNDER,8.0,1040.0,KKR,Kolkata Knight Riders,
74,Venkatesh Iyer,Retained,ALL-ROUNDER,8.0,1040.0,KKR,Kolkata Knight Riders,
75,Varun Chakaravarthy,Retained,BOWLER,8.0,1040.0,KKR,Kolkata Knight Riders,
76,Pat Cummins,2 Cr,ALL-ROUNDER,7.25,942.5,KKR,Kolkata Knight Riders,
77,Shivam Mavi,40 Lakh,ALL-ROUNDER,7.25,942.5,KKR,Kolkata Knight Riders,
78,Sunil Narine,Retained,ALL-ROUNDER,6.0,780.0,KKR,Kolkata Knight Riders,
79,Sam Billings,2 Cr,WICKETKEEPER,2.0,260.0,DC,Kolkata Knight Riders,
80,Umesh Yadav,2 Cr,BOWLER,2.0,260.0,DC,Kolkata Knight Riders,
81,Tim Southee,1.5 Cr,BOWLER,1.5,195.0,KKR,Kolkata Knight Riders,
82,Alex Hales,1.5 Cr,BATTER,1.5,195.0,,Kolkata Knight Riders,
83,Ajinkya Rahane,1 Cr,BATTER,1.0,130.0,DC,Kolkata Knight Riders,
84,Mohammad Nabi,1 Cr,ALL-ROUNDER,1.0,130.0,SRH,Kolkata Knight Riders,
85,Sheldon Jackson,30 Lakh,WICKETKEEPER,0.6,78.0,KKR,Kolkata Knight Riders,
86,Rinku Singh,20 Lakh,BATTER,0.55,71.5,,Kolkata Knight Riders,
87,Ashok Sharma,20 Lakh,BOWLER,0.55,71.5,,Kolkata Knight Riders,
88,Chamika Karunaratne,50 Lakh,ALL-ROUNDER,0.5,65.0,,Kolkata Knight Riders,
89,Abhijeet Tomar,20 Lakh,BATTER,0.4,52.0,,Kolkata Knight Riders,
90,Rasikh Dar,20 Lakh,BOWLER,0.2,26.0,,Kolkata Knight Riders,
91,Anukul Roy,20 Lakh,ALL-ROUNDER,0.2,26.0,MI,Kolkata Knight Riders,
92,Baba Indrajith,20 Lakh,WICKETKEEPER,0.2,26.0,,Kolkata Knight Riders,
93,Aman Khan,20 Lakh,ALL-ROUNDER,0.2,26.0,,Kolkata Knight Riders,
94,Ramesh Kumar,20 Lakh,BATTER,0.2,26.0,,Kolkata Knight Riders,
95,Pratham Singh,20 Lakh,BATTER,0.2,26.0,,Kolkata Knight Riders,
96,Mayank Agarwal,Retained,BATTER,12.0,1560.0,PBKS,Punjab Kings,
97,Liam Livingstone,1 Cr,ALL-ROUNDER,11.5,1495.0,RR,Punjab Kings,
98,Kagiso Rabada,2 Cr,BOWLER,9.25,1202.5,DC,Punjab Kings,
99,Shahrukh Khan,40 Lakh,ALL-ROUNDER,9.0,1170.0,PBKS,Punjab Kings,
100,Shikhar Dhawan,2 Cr,BATTER,8.25,1072.5,DC,Punjab Kings,
101,Jonny Bairstow,1.5 Cr,WICKETKEEPER,6.75,877.5,SRH,Punjab Kings,
102,Odean Smith,1 Cr,ALL-ROUNDER,6.0,780.0,,Punjab Kings,
103,Rahul Chahar,75 Lakh,BOWLER,5.25,682.5,MI,Punjab Kings,
104,Arshdeep Singh,Retained,BOWLER,4.0,520.0,PBKS,Punjab Kings,
105,Harpreet Brar,20 Lakh,ALL-ROUNDER,3.8,494.0,PBKS,Punjab Kings,
106,Vaibhav Arora,20 Lakh,BOWLER,2.0,260.0,KKR,Punjab Kings,
107,Raj Angad Bawa,20 Lakh,ALL-ROUNDER,2.0,260.0,,Punjab Kings,
108,Nathan Ellis,75 Lakh,BOWLER,0.75,97.5,PBKS,Punjab Kings,
109,Prabhsimran Singh,20 Lakh,WICKETKEEPER,0.6,78.0,PBKS,Punjab Kings,
110,Rishi Dhawan,50 Lakh,ALL-ROUNDER,0.55,71.5,,Punjab Kings,
111,Sandeep Sharma,50 Lakh,BOWLER,0.5,65.0,SRH,Punjab Kings,
112,Bhanuka Rajapaksa,50 Lakh,BATTER,0.5,65.0,,Punjab Kings,
113,Benny Howell,40 Lakh,ALL-ROUNDER,0.4,52.0,,Punjab Kings,
114,Ishan Porel,20 Lakh,BOWLER,0.25,32.5,PBKS,Punjab Kings,
115,Prerak Mankad,20 Lakh,ALL-ROUNDER,0.2,26.0,,Punjab Kings,
116,Ansh Patel,20 Lakh,ALL-ROUNDER,0.2,26.0,,Punjab Kings,
117,Jitesh Sharma,20 Lakh,WICKETKEEPER,0.2,26.0,,Punjab Kings,
118,Writtick Chatterjee,20 Lakh,ALL-ROUNDER,0.2,26.0,,Punjab Kings,
119,Atharva Taide,20 Lakh,ALL-ROUNDER,0.2,26.0,,Punjab Kings,
120,Baltej Dhanda,20 Lakh,BOWLER,0.2,26.0,,Punjab Kings,
121,KL Rahul,Draft Pick,WICKETKEEPER,17.0,2210.0,PBKS,Lucknow Super Giants,
122,Avesh Khan,20 Lakh,BOWLER,10.0,1300.0,DC,Lucknow Super Giants,
123,Marcus Stoinis,Draft Pick,ALL-ROUNDER,9.2,1196.0,DC,Lucknow Super Giants,
124,Jason Holder,1.5 Cr,ALL-ROUNDER,8.75,1137.5,SRH,Lucknow Super Giants,
125,Krunal Pandya,2 Cr,ALL-ROUNDER,8.25,1072.5,MI,Lucknow Super Giants,
126,Mark Wood,2 Cr,BOWLER,7.5,975.0,,Lucknow Super Giants,
127,Quinton De Kock,2 Cr,WICKETKEEPER,6.75,877.5,MI,Lucknow Super Giants,
128,Deepak Hooda,75 Lakh,ALL-ROUNDER,5.75,747.5,PBKS,Lucknow Super Giants,
129,Manish Pandey,1 Cr,BATTER,4.6,598.0,SRH,Lucknow Super Giants,
130,Ravi Bishnoi,Draft Pick,BOWLER,4.0,520.0,PBKS,Lucknow Super Giants,
131,Dushmanta Chameera,50 Lakh,BOWLER,2.0,260.0,,Lucknow Super Giants,
132,Evin Lewis,2 Cr,BATTER,2.0,260.0,RR,Lucknow Super Giants,
133,K. Gowtham,50 Lakh,ALL-ROUNDER,0.9,117.0,CSK,Lucknow Super Giants,
134,Kyle Mayers,50 Lakh,ALL-ROUNDER,0.5,65.0,,Lucknow Super Giants,
135,Shahbaz Nadeem,50 Lakh,BOWLER,0.5,65.0,SRH,Lucknow Super Giants,
136,Ankit Singh Rajpoot,20 Lakh,BOWLER,0.5,65.0,,Lucknow Super Giants,
137,Manan Vohra,20 Lakh,BATTER,0.2,26.0,RR,Lucknow Super Giants,
138,B. Sai Sudharsan,20 Lakh,ALL-ROUNDER,0.2,26.0,,Lucknow Super Giants,
139,Karan Sharma,20 Lakh,ALL-ROUNDER,0.2,26.0,,Lucknow Super Giants,
140,Ayush Badoni,20 Lakh,ALL-ROUNDER,0.2,26.0,,Lucknow Super Giants,
141,Mohsin Khan,20 Lakh,BOWLER,0.2,26.0,MI,Lucknow Super Giants,
142,Mayank Yadav,20 Lakh,BOWLER,0.2,26.0,,Lucknow Super Giants,
143,Rohit Sharma,Retained,BATTER,16.0,2080.0,MI,Munbai Indians,
144,Ishan Kishan,2 Cr,WICKETKEEPER,15.25,1982.5,MI,Munbai Indians,
145,Jasprit Bumrah,Retained,BOWLER,12.0,1560.0,MI,Munbai Indians,
146,Tim David,40 Lakh,ALL-ROUNDER,8.25,1072.5,RCB,Munbai Indians,
147,Jofra Archer,2 Cr,ALL-ROUNDER,8.0,1040.0,RR,Munbai Indians,
148,Suryakumar Yadav,Retained,BATTER,8.0,1040.0,MI,Munbai Indians,
149,Kieron Pollard,Retained,ALL-ROUNDER,6.0,780.0,MI,Munbai Indians,
150,Dewald Brevis,20 Lakh,BATTER,3.0,390.0,,Munbai Indians,
151,Daniel Sams,1 Cr,ALL-ROUNDER,2.6,338.0,RCB,Munbai Indians,
152,N. Tilak Varma,20 Lakh,ALL-ROUNDER,1.7,221.0,,Munbai Indians,
153,Murugan Ashwin,20 Lakh,BOWLER,1.6,208.0,PBKS,Munbai Indians,
154,Tymal Mills,1 Cr,BOWLER,1.5,195.0,,Munbai Indians,
155,Jaydev Unadkat,75 Lakh,BOWLER,1.3,169.0,RR,Munbai Indians,
156,Riley Meredith,1 Cr,BOWLER,1.0,130.0,PBKS,Munbai Indians,
157,Fabian Allen,75 Lakh,ALL-ROUNDER,0.75,97.5,,Munbai Indians,
158,Mayank Markande,50 Lakh,BOWLER,0.65,84.5,RR,Munbai Indians,
159,Sanjay Yadav,20 Lakh,ALL-ROUNDER,0.5,65.0,,Munbai Indians,
160,Arjun Tendulkar,20 Lakh,ALL-ROUNDER,0.3,39.0,MI,Munbai Indians,
161,Basil Thampi,30 Lakh,BOWLER,0.3,39.0,SRH,Munbai Indians,
162,Anmolpreet Singh,20 Lakh,BATTER,0.2,26.0,MI,Munbai Indians,
163,Aryan Juyal,20 Lakh,WICKETKEEPER,0.2,26.0,,Munbai Indians,
164,Ramandeep Singh,20 Lakh,ALL-ROUNDER,0.2,26.0,,Munbai Indians,
165,Rahul Buddhi,20 Lakh,BATTER,0.2,26.0,,Munbai Indians,
166,Hrithik Shokeen,20 Lakh,ALL-ROUNDER,0.2,26.0,,Munbai Indians,
167,Mohd. Arshad Khan,20 Lakh,ALL-ROUNDER,0.2,26.0,,Munbai Indians,
168,Rohit Sharma,Retained,BATTER,16.0,2080.0,MI,Mumbai Indians,
169,Ishan Kishan,2 Cr,WICKETKEEPER,15.25,1982.5,MI,Mumbai Indians,
170,Jasprit Bumrah,Retained,BOWLER,12.0,1560.0,MI,Mumbai Indians,
171,Tim David,40 Lakh,ALL-ROUNDER,8.25,1072.5,RCB,Mumbai Indians,
172,Jofra Archer,2 Cr,ALL-ROUNDER,8.0,1040.0,RR,Mumbai Indians,
173,Suryakumar Yadav,Retained,BATTER,8.0,1040.0,MI,Mumbai Indians,
174,Kieron Pollard,Retained,ALL-ROUNDER,6.0,780.0,MI,Mumbai Indians,
175,Dewald Brevis,20 Lakh,BATTER,3.0,390.0,,Mumbai Indians,
176,Daniel Sams,1 Cr,ALL-ROUNDER,2.6,338.0,RCB,Mumbai Indians,
177,N. Tilak Varma,20 Lakh,ALL-ROUNDER,1.7,221.0,,Mumbai Indians,
178,Murugan Ashwin,20 Lakh,BOWLER,1.6,208.0,PBKS,Mumbai Indians,
179,Tymal Mills,1 Cr,BOWLER,1.5,195.0,,Mumbai Indians,
180,Jaydev Unadkat,75 Lakh,BOWLER,1.3,169.0,RR,Mumbai Indians,
181,Riley Meredith,1 Cr,BOWLER,1.0,130.0,PBKS,Mumbai Indians,
182,Fabian Allen,75 Lakh,ALL-ROUNDER,0.75,97.5,,Mumbai Indians,
183,Mayank Markande,50 Lakh,BOWLER,0.65,84.5,RR,Mumbai Indians,
184,Sanjay Yadav,20 Lakh,ALL-ROUNDER,0.5,65.0,,Mumbai Indians,
185,Arjun Tendulkar,20 Lakh,ALL-ROUNDER,0.3,39.0,MI,Mumbai Indians,
186,Basil Thampi,30 Lakh,BOWLER,0.3,39.0,SRH,Mumbai Indians,
187,Anmolpreet Singh,20 Lakh,BATTER,0.2,26.0,MI,Mumbai Indians,
188,Aryan Juyal,20 Lakh,WICKETKEEPER,0.2,26.0,,Mumbai Indians,
189,Ramandeep Singh,20 Lakh,ALL-ROUNDER,0.2,26.0,,Mumbai Indians,
190,Rahul Buddhi,20 Lakh,BATTER,0.2,26.0,,Mumbai Indians,
191,Hrithik Shokeen,20 Lakh,ALL-ROUNDER,0.2,26.0,,Mumbai Indians,
192,Mohd. Arshad Khan,20 Lakh,ALL-ROUNDER,0.2,26.0,,Mumbai Indians,
193,Virat Kohli,Retained,BATTER,15.0,1950.0,RCB,Royal Challengere Bangalore,
194,Glenn Maxwell,Retained,ALL-ROUNDER,11.0,1430.0,RCB,Royal Challengere Bangalore,
195,Wanindu Hasaranga,1 Cr,ALL-ROUNDER,10.75,1397.5,RCB,Royal Challengere Bangalore,
196,Harshal Patel,2 Cr,ALL-ROUNDER,10.75,1397.5,RCB,Royal Challengere Bangalore,
197,Josh Hazlewood,2 Cr,BOWLER,7.75,1007.5,CSK,Royal Challengere Bangalore,
198,Faf Du Plessis,2 Cr,BATTER,7.0,910.0,CSK,Royal Challengere Bangalore,
199,Mohammed Siraj,Retained,BOWLER,7.0,910.0,RCB,Royal Challengere Bangalore,
200,Dinesh Karthik,2 Cr,WICKETKEEPER,5.5,715.0,KKR,Royal Challengere Bangalore,
201,Anuj Rawat,20 Lakh,WICKETKEEPER,3.4,442.0,RR,Royal Challengere Bangalore,
202,Shahbaz Ahamad,30 Lakh,ALL-ROUNDER,2.4,312.0,RCB,Royal Challengere Bangalore,
203,David Willey,2 Cr,ALL-ROUNDER,2.0,260.0,,Royal Challengere Bangalore,
204,Sherfane Rutherford,1 Cr,ALL-ROUNDER,1.0,130.0,,Royal Challengere Bangalore,
205,Mahipal Lomror,40 Lakh,ALL-ROUNDER,0.95,123.5,RR,Royal Challengere Bangalore,
206,Finn Allen,50 Lakh,BATTER,0.8,104.0,RCB,Royal Challengere Bangalore,
207,Siddharth Kaul,75 Lakh,BOWLER,0.75,97.5,SRH,Royal Challengere Bangalore,
208,Jason Behrendorff,75 Lakh,BOWLER,0.75,97.5,CSK,Royal Challengere Bangalore,
209,Karn Sharma,50 Lakh,BOWLER,0.5,65.0,CSK,Royal Challengere Bangalore,
210,Suyash Prabhudessai,20 Lakh,ALL-ROUNDER,0.3,39.0,RCB,Royal Challengere Bangalore,
211,Chama Milind,20 Lakh,BOWLER,0.25,32.5,,Royal Challengere Bangalore,
212,Akash Deep,20 Lakh,BOWLER,0.2,26.0,RCB,Royal Challengere Bangalore,
213,Aneeshwar Gautam,20 Lakh,ALL-ROUNDER,0.2,26.0,,Royal Challengere Bangalore,
214,Luvnith Sisodia,20 Lakh,WICKETKEEPER,0.2,26.0,,Royal Challengere Bangalore,
215,Sanju Samson,Retained,WICKETKEEPER,14.0,1820.0,RR,Rajasthan Royals,
216,Jos Buttler,Retained,WICKETKEEPER,10.0,1300.0,RR,Rajasthan Royals,
217,Prasidh Krishna,1 Cr,BOWLER,10.0,1300.0,KKR,Rajasthan Royals,
218,Shimron Hetmyer,1.5 Cr,BATTER,8.5,1105.0,DC,Rajasthan Royals,
219,Trent Boult,2 Cr,BOWLER,8.0,1040.0,MI,Rajasthan Royals,
220,Devdutt Padikkal,2 Cr,BATTER,7.75,1007.5,RCB,Rajasthan Royals,
221,Yuzvendra Chahal,2 Cr,BOWLER,6.5,845.0,RCB,Rajasthan Royals,
222,R. Ashwin,2 Cr,ALL-ROUNDER,5.0,650.0,DC,Rajasthan Royals,
223,Yashaswi Jaiswal,Retained,BATTER,4.0,520.0,RR,Rajasthan Royals,
224,Riyan Parag,30 Lakh,ALL-ROUNDER,3.8,494.0,RR,Rajasthan Royals,
225,Navdeep Saini,75 Lakh,BOWLER,2.6,338.0,RCB,Rajasthan Royals,
226,Nathan Coulter-Nile,2 Cr,BOWLER,2.0,260.0,MI,Rajasthan Royals,
227,James Neesham,1.5 Cr,ALL-ROUNDER,1.5,195.0,MI,Rajasthan Royals,
228,Karun Nair,50 Lakh,BATTER,1.4,182.0,KKR,Rajasthan Royals,
229,Rassie Van Der Dussen,1 Cr,BATTER,1.0,130.0,,Rajasthan Royals,
230,Obed Mccoy,75 Lakh,BOWLER,0.75,97.5,,Rajasthan Royals,
231,Daryl Mitchell,75 Lakh,ALL-ROUNDER,0.75,97.5,,Rajasthan Royals,
232,K.C Cariappa,20 Lakh,BOWLER,0.3,39.0,RR,Rajasthan Royals,
233,Anunay Singh,20 Lakh,ALL-ROUNDER,0.2,26.0,,Rajasthan Royals,
234,Kuldeep Sen,20 Lakh,BOWLER,0.2,26.0,,Rajasthan Royals,
235,Dhruv Jurel,20 Lakh,WICKETKEEPER,0.2,26.0,,Rajasthan Royals,
236,Tejas Baroka,20 Lakh,BOWLER,0.2,26.0,,Rajasthan Royals,
237,Kuldip Yadav,20 Lakh,BOWLER,0.2,26.0,RR,Rajasthan Royals,
238,Shubham Garhwal,20 Lakh,ALL-ROUNDER,0.2,26.0,,Rajasthan Royals,
239,Kane Williamson,Retained,BATTER,14.0,1820.0,SRH,Sunrisers Hyderabad,
240,Nicholas Pooran,1.5 Cr,WICKETKEEPER,10.75,1397.5,PBKS,Sunrisers Hyderabad,
241,Washington Sundar,1.5 Cr,ALL-ROUNDER,8.75,1137.5,RCB,Sunrisers Hyderabad,
242,Rahul Tripathi,40 Lakh,BATTER,8.5,1105.0,KKR,Sunrisers Hyderabad,
243,Romario Shepherd,75 Lakh,ALL-ROUNDER,7.75,1007.5,,Sunrisers Hyderabad,
244,Abhishek Sharma,20 Lakh,ALL-ROUNDER,6.5,845.0,SRH,Sunrisers Hyderabad,
245,Marco Jansen,50 Lakh,ALL-ROUNDER,4.2,546.0,MI,Sunrisers Hyderabad,
246,Bhuvneshwar Kumar,2 Cr,BOWLER,4.2,546.0,SRH,Sunrisers Hyderabad,
247,T. Natarajan,1 Cr,BOWLER,4.0,520.0,SRH,Sunrisers Hyderabad,
248,Abdul Samad,Retained,ALL-ROUNDER,4.0,520.0,SRH,Sunrisers Hyderabad,
249,Umran Malik,Retained,BOWLER,4.0,520.0,SRH,Sunrisers Hyderabad,
250,Kartik Tyagi,20 Lakh,BOWLER,4.0,520.0,RR,Sunrisers Hyderabad,
251,Aiden Markram,1 Cr,BATTER,2.6,338.0,PBKS,Sunrisers Hyderabad,
252,Sean Abbott,75 Lakh,BOWLER,2.4,312.0,,Sunrisers Hyderabad,
253,Glenn Phillips,1.5 Cr,WICKETKEEPER,1.5,195.0,RR,Sunrisers Hyderabad,
254,Shreyas Gopal,20 Lakh,BOWLER,0.75,97.5,RR,Sunrisers Hyderabad,
255,Vishnu Vinod,20 Lakh,WICKETKEEPER,0.5,65.0,DC,Sunrisers Hyderabad,
256,Fazalhaq Farooqi,50 Lakh,BOWLER,0.5,65.0,,Sunrisers Hyderabad,
257,Priyam Garg,20 Lakh,BATTER,0.2,26.0,SRH,Sunrisers Hyderabad,
258,R Samarth,20 Lakh,BATTER,0.2,26.0,,Sunrisers Hyderabad,
259,Jagadeesha Suchith,20 Lakh,BOWLER,0.2,26.0,SRH,Sunrisers Hyderabad,
260,Shashank Singh,20 Lakh,ALL-ROUNDER,0.2,26.0,,Sunrisers Hyderabad,
261,Saurabh Dubey,20 Lakh,BOWLER,0.2,26.0,,Sunrisers Hyderabad,
262,Suresh Raina,2 Cr,BATTER,,,CSK,Unsold,
263,Steve Smith,2 Cr,BATTER,,,DC,Unsold,
264,Shakib Al Hasan,2 Cr,ALL-ROUNDER,,,KKR,Unsold,
265,Amit Mishra,1.5 Cr,BOWLER,,,DC,Unsold,
266,Adil Rashid,2 Cr,BOWLER,,,PBKS,Unsold,
267,Imran Tahir,2 Cr,BOWLER,,,CSK,Unsold,
268,Mujeeb Zadran,2 Cr,BOWLER,,,SRH,Unsold,
269,Adam Zampa,2 Cr,BOWLER,,,RCB,Unsold,
270,Rajat Patidar,20 Lakh,BATTER,,,RCB,Unsold,
271,Mohammed Azharuddeen,20 Lakh,WICKETKEEPER,,,RCB,Unsold,
272,Vishnu Solanki,20 Lakh,WICKETKEEPER,,,,Unsold,
273,Sandeep Lamichhane,40 Lakh,BOWLER,,,,Unsold,
274,M. Siddharth,20 Lakh,BOWLER,,,DC,Unsold,
275,Aaron Finch,1.5 Cr,BATTER,,,,Unsold,
276,Marnus Labuschagne,1 Cr,BATTER,,,,Unsold,
277,Dawid Malan,1.5 Cr,BATTER,,,PBKS,Unsold,
278,Eoin Morgan,1.5 Cr,BATTER,,,KKR,Unsold,
279,Cheteshwar Pujara,50 Lakh,BATTER,,,CSK,Unsold,
280,Saurabh Tiwary,50 Lakh,BATTER,,,MI,Unsold,
281,Sheldon Cottrell,75 Lakh,BOWLER,,,,Unsold,
282,Ishant Sharma,1.5 Cr,BOWLER,,,DC,Unsold,
283,Qais Ahmad,50 Lakh,BOWLER,,,,Unsold,
284,Piyush Chawla,1 Cr,BOWLER,,,MI,Unsold,
285,Tabraiz Shamsi,1 Cr,BOWLER,,,RR,Unsold,
286,Ish Sodhi,50 Lakh,BOWLER,,,,Unsold,
287,Sachin Baby,20 Lakh,BATTER,,,RCB,Unsold,
288,Ricky Bhui,20 Lakh,BATTER,,,,Unsold,
289,Himanshu Rana,20 Lakh,BATTER,,,,Unsold,
290,Harnoor Singh,20 Lakh,BATTER,,,,Unsold,
291,Himmat Singh,20 Lakh,BATTER,,,,Unsold,
292,Virat Singh,20 Lakh,BATTER,,,SRH,Unsold,
293,Arzan Nagwaswalla,20 Lakh,BOWLER,,,,Unsold,
294,Akash Singh,20 Lakh,BOWLER,,,RR,Unsold,
295,Yash Thakur,20 Lakh,BOWLER,,,,Unsold,
296,Vasu Vats,20 Lakh,BOWLER,,,,Unsold,
297,Mujtaba Yousuf,20 Lakh,BOWLER,,,,Unsold,
298,Chris Lynn,1.5 Cr,BATTER,,,MI,Unsold,
299,Najibullah Zadran,50 Lakh,BATTER,,,,Unsold,
300,Charith Asalanka,50 Lakh,ALL-ROUNDER,,,,Unsold,
301,George Garton,50 Lakh,ALL-ROUNDER,,,RCB,Unsold,
302,Litton Das,50 Lakh,WICKETKEEPER,,,,Unsold,
303,Niroshan Dickwella,50 Lakh,WICKETKEEPER,,,,Unsold,
304,Andre Fletcher,50 Lakh,WICKETKEEPER,,,,Unsold,
305,Rahmanullah Gurbaz,50 Lakh,WICKETKEEPER,,,,Unsold,
306,Shai Hope,50 Lakh,WICKETKEEPER,,,,Unsold,
307,Heinrich Klaasen,50 Lakh,WICKETKEEPER,,,,Unsold,
308,Ben Mcdermott,50 Lakh,WICKETKEEPER,,,,Unsold,
309,Kusal Mendis,50 Lakh,WICKETKEEPER,,,,Unsold,
310,Kusal Perera,50 Lakh,WICKETKEEPER,,,,Unsold,
311,Joshua Philippe,1 Cr,WICKETKEEPER,,,,Unsold,
312,Reece Topley,75 Lakh,BOWLER,,,,Unsold,
313,Andrew Tye,1 Cr,BOWLER,,,RR,Unsold,
314,Sandeep Warrier,50 Lakh,BOWLER,,,KKR,Unsold,
315,Todd Astle,75 Lakh,BOWLER,,,,Unsold,
316,Akila Dhananjaya,50 Lakh,BOWLER,,,,Unsold,
317,Zahir Khan,50 Lakh,BOWLER,,,,Unsold,
318,Keshav Maharaj,50 Lakh,BOWLER,,,,Unsold,
319,Waqar Salamkheil,50 Lakh,BOWLER,,,,Unsold,
320,Rahul Sharma,50 Lakh,BOWLER,,,,Unsold,
321,Hayden Walsh,50 Lakh,BOWLER,,,,Unsold,
322,Tanmay Agarwal,20 Lakh,BATTER,,,,Unsold,
323,Shivam Chauhan,20 Lakh,BATTER,,,,Unsold,
324,Nikhil Gangta,20 Lakh,BATTER,,,,Unsold,
325,Rohan Kadam,20 Lakh,BATTER,,,,Unsold,
326,Tom Kohler-Cadmore,40 Lakh,BATTER,,,,Unsold,
327,Priyank Panchal,20 Lakh,BATTER,,,,Unsold,
328,Sameer Rizvi,20 Lakh,BATTER,,,,Unsold,
329,Ritwik Roy Chowdhury,20 Lakh,BATTER,,,,Unsold,
330,Apoorv Wankhade,20 Lakh,BATTER,,,,Unsold,
331,Atharva Ankolekar,20 Lakh,ALL-ROUNDER,,,,Unsold,
332,Tanay Thyagarajan,20 Lakh,ALL-ROUNDER,,,,Unsold,
333,Ankush Bains,20 Lakh,WICKETKEEPER,,,,Unsold,
334,Prashant Chopra,20 Lakh,WICKETKEEPER,,,,Unsold,
335,Kedar Devdhar,20 Lakh,WICKETKEEPER,,,,Unsold,
336,Shreevats Goswami,20 Lakh,WICKETKEEPER,,,SRH,Unsold,
337,Akshdeep Nath,20 Lakh,WICKETKEEPER,,,,Unsold,
338,Aditya Tare,20 Lakh,WICKETKEEPER,,,MI,Unsold,
339,Upendra Singh Yadav,20 Lakh,WICKETKEEPER,,,,Unsold,
340,Ben Dwarshuis,30 Lakh,BOWLER,,,,Unsold,
341,Pankaj Jaswal,20 Lakh,BOWLER,,,,Unsold,
342,Lukman Hussain Meriwala,20 Lakh,BOWLER,,,DC,Unsold,
343,Vyshak Vijay Kumar,20 Lakh,BOWLER,,,,Unsold,
344,Zeeshan Ansari,20 Lakh,BOWLER,,,,Unsold,
345,Yuvraj Chudasama,20 Lakh,BOWLER,,,,Unsold,
346,Dharmendrasinh Jadeja,20 Lakh,BOWLER,,,,Unsold,
347,Khrievitso Kense,20 Lakh,BOWLER,,,,Unsold,
348,Prince Balwant Rai,20 Lakh,BOWLER,,,,Unsold,
349,Pardeep Sahu,20 Lakh,BOWLER,,,,Unsold,
350,Jalaj Saxena,30 Lakh,BOWLER,,,PBKS,Unsold,
351,Midhun Sudhesan,20 Lakh,BOWLER,,,,Unsold,
352,Martin Guptill,75 Lakh,BATTER,,,,Unsold,
353,Usman Khawaja,1.5 Cr,BATTER,,,,Unsold,
354,Brandon King,50 Lakh,BATTER,,,,Unsold,
355,Janneman Malan,50 Lakh,BATTER,,,,Unsold,
356,Rilee Rossouw,1 Cr,BATTER,,,,Unsold,
357,Paul Stirling,50 Lakh,BATTER,,,,Unsold,
358,Hanuma Vihari,50 Lakh,BATTER,,,,Unsold,
359,James Vince,2 Cr,BATTER,,,,Unsold,
360,Hazratullah Zazai,50 Lakh,BATTER,,,,Unsold,
361,Roston Chase,1 Cr,ALL-ROUNDER,,,,Unsold,
362,Ben Cutting,75 Lakh,ALL-ROUNDER,,,KKR,Unsold,
363,Lewis Gregory,1.5 Cr,ALL-ROUNDER,,,,Unsold,
364,Moises Henriques,1 Cr,ALL-ROUNDER,,,PBKS,Unsold,
365,Akeal Hosein,50 Lakh,ALL-ROUNDER,,,,Unsold,
366,Karim Janat,50 Lakh,ALL-ROUNDER,,,,Unsold,
367,Scott Kuggeleijn,75 Lakh,ALL-ROUNDER,,,RCB,Unsold,
368,Pawan Negi,50 Lakh,ALL-ROUNDER,,,KKR,Unsold,
369,Taskin Ahmed,50 Lakh,BOWLER,,,,Unsold,
370,Marchant De Lange,2 Cr,BOWLER,,,,Unsold,
371,Dhawal Kulkarni,75 Lakh,BOWLER,,,MI,Unsold,
372,Saqib Mahmood,2 Cr,BOWLER,,,,Unsold,
373,Kane Richardson,1.5 Cr,BOWLER,,,RCB,Unsold,
374,Naveen Ul Haq,50 Lakh,BOWLER,,,,Unsold,
375,Harpreet Bhatia,40 Lakh,BATTER,,,,Unsold,
376,Sudip Chatterjee,20 Lakh,BATTER,,,,Unsold,
377,Hiten Dalal,20 Lakh,BATTER,,,,Unsold,
378,Abhimanyu Easwaran,20 Lakh,BATTER,,,,Unsold,
379,Laurie Evans,40 Lakh,BATTER,,,,Unsold,
380,Rahul Gahlaut,20 Lakh,BATTER,,,,Unsold,
381,Amandeep Khare,20 Lakh,BATTER,,,,Unsold,
382,Mayank Rawat,20 Lakh,BATTER,,,,Unsold,
383,Dhruv Shorey,20 Lakh,BATTER,,,,Unsold,
384,Hayden Kerr,20 Lakh,ALL-ROUNDER,,,,Unsold,
385,Saurabh Kumar,20 Lakh,ALL-ROUNDER,,,,Unsold,
386,Shams Mulani,20 Lakh,ALL-ROUNDER,,,,Unsold,
387,Dhruv Patel,20 Lakh,ALL-ROUNDER,,,,Unsold,
388,Atit Sheth,20 Lakh,ALL-ROUNDER,,,,Unsold,
389,Utkarsh Singh,20 Lakh,ALL-ROUNDER,,,,Unsold,
390,David Wiese,50 Lakh,ALL-ROUNDER,,,,Unsold,
391,Kaif Ahmad,20 Lakh,WICKETKEEPER,,,,Unsold,
392,Shubhum Arora,20 Lakh,WICKETKEEPER,,,,Unsold,
393,Arun Karthick,40 Lakh,WICKETKEEPER,,,,Unsold,
394,Eknath Kerkar,20 Lakh,WICKETKEEPER,,,,Unsold,
395,Kennar Lewis,40 Lakh,WICKETKEEPER,,,,Unsold,
396,Nikhil Naik,20 Lakh,WICKETKEEPER,,,,Unsold,
397,Urvil Patel,20 Lakh,WICKETKEEPER,,,,Unsold,
398,B.R. Sharath,20 Lakh,WICKETKEEPER,,,,Unsold,
399,K.L. Shrijith,20 Lakh,WICKETKEEPER,,,,Unsold,
400,Mohit Avasthi,20 Lakh,BOWLER,,,,Unsold,
401,Sushant Mishra,20 Lakh,BOWLER,,,,Unsold,
402,Matheesha Pathirana,20 Lakh,BOWLER,,,,Unsold,
403,G Periyasamy,20 Lakh,BOWLER,,,,Unsold,
404,M.Harishankar Reddy,20 Lakh,BOWLER,,,,Unsold,
405,R. Silambarasan,20 Lakh,BOWLER,,,,Unsold,
406,Aditya Thakare,20 Lakh,BOWLER,,,,Unsold,
407,Tanveer Ul Haq,20 Lakh,BOWLER,,,,Unsold,
408,Prithviraj Yarra,20 Lakh,BOWLER,,,,Unsold,
409,Satyajeet Bachhav,20 Lakh,BOWLER,,,,Unsold,
410,Chintal Gandhi,20 Lakh,BOWLER,,,,Unsold,
411,Jacob Lintott,20 Lakh,BOWLER,,,,Unsold,
412,Izharulhuq Naveed,20 Lakh,BOWLER,,,,Unsold,
413,Tanveer Sangha,20 Lakh,BOWLER,,,,Unsold,
414,Manav Suthar,20 Lakh,BOWLER,,,,Unsold,
415,Milind Tandon,20 Lakh,BOWLER,,,,Unsold,
416,Sagar Udeshi,20 Lakh,BOWLER,,,,Unsold,
417,Kushaal Wadhwani,20 Lakh,BOWLER,,,,Unsold,
418,Akshay Wakhare,20 Lakh,BOWLER,,,,Unsold,
419,Darren Bravo,75 Lakh,BATTER,,,,Unsold,
420,Shamrah Brooks,50 Lakh,BATTER,,,,Unsold,
421,Avishka Fernando,50 Lakh,BATTER,,,,Unsold,
422,Zubayr Hamza,50 Lakh,BATTER,,,,Unsold,
423,Pathum Nissaanka,50 Lakh,BATTER,,,,Unsold,
424,Kurtis Patterson,50 Lakh,BATTER,,,,Unsold,
425,Hashmatullah Shahidi,50 Lakh,BATTER,,,,Unsold,
426,Manoj Tiwary,50 Lakh,BATTER,,,,Unsold,
427,Ashton Agar,2 Cr,ALL-ROUNDER,,,,Unsold,
428,Carlos Brath15000000e,75 Lakh,ALL-ROUNDER,,,,Unsold,
429,Kedar Jadhav,1 Cr,ALL-ROUNDER,,,SRH,Unsold,
430,Colin Munro,1.5 Cr,ALL-ROUNDER,,,,Unsold,
431,Gulbadin Naib,50 Lakh,ALL-ROUNDER,,,,Unsold,
432,Keemo Paul,75 Lakh,ALL-ROUNDER,,,,Unsold,
433,Parvez Rasool,50 Lakh,ALL-ROUNDER,,,,Unsold,
434,Dasun Shanaka,50 Lakh,ALL-ROUNDER,,,,Unsold,
435,Wesley Agar,50 Lakh,BOWLER,,,,Unsold,
436,Shoriful Islam,50 Lakh,BOWLER,,,,Unsold,
437,Josh Little,50 Lakh,BOWLER,,,,Unsold,
438,Blessing Muzarabani,50 Lakh,BOWLER,,,,Unsold,
439,Jayden Seales,50 Lakh,BOWLER,,,,Unsold,
440,Mohit Sharma,50 Lakh,BOWLER,,,,Unsold,
441,Barinder Sran,50 Lakh,BOWLER,,,,Unsold,
442,Billy Stanlake,75 Lakh,BOWLER,,,,Unsold,
443,Neil Wagner,50 Lakh,BOWLER,,,,Unsold,
444,Qamran Iqbal,20 Lakh,BATTER,,,,Unsold,
445,Ishank Jaggi,20 Lakh,BATTER,,,,Unsold,
446,Rohan Kunnummal,20 Lakh,BATTER,,,,Unsold,
447,Tanmay Mishra,20 Lakh,BATTER,,,,Unsold,
448,Yash Nahar,20 Lakh,BATTER,,,,Unsold,
449,Shubham Singh Rohilla,20 Lakh,BATTER,,,,Unsold,
450,Alex Ross,20 Lakh,BATTER,,,,Unsold,
451,Naushad Shaikh,20 Lakh,BATTER,,,,Unsold,
452,Baba Aparajith,20 Lakh,ALL-ROUNDER,,,,Unsold,
453,Prayas Barman,20 Lakh,ALL-ROUNDER,,,,Unsold,
454,Yudhvir Charak,20 Lakh,ALL-ROUNDER,,,MI,Unsold,
455,Shubhang Hegde,20 Lakh,ALL-ROUNDER,,,,Unsold,
456,Roosh Kalaria,20 Lakh,ALL-ROUNDER,,,,Unsold,
457,Tanush Kotian,20 Lakh,ALL-ROUNDER,,,,Unsold,
458,Kaushal Tambe,20 Lakh,ALL-ROUNDER,,,,Unsold,
459,Shivank Vashisth,20 Lakh,ALL-ROUNDER,,,,Unsold,
460,Rahul Chandrol,20 Lakh,WICKETKEEPER,,,,Unsold,
461,Harvik Desai,20 Lakh,WICKETKEEPER,,,,Unsold,
462,Cam Fletcher,20 Lakh,WICKETKEEPER,,,,Unsold,
463,Tarang Gohel,20 Lakh,WICKETKEEPER,,,,Unsold,
464,Fazil Makaya,20 Lakh,WICKETKEEPER,,,,Unsold,
465,Ryan Rickelton,20 Lakh,WICKETKEEPER,,,,Unsold,
466,Sandeep Kumar Tomar,20 Lakh,WICKETKEEPER,,,,Unsold,
467,Siddhesh Wath,20 Lakh,WICKETKEEPER,,,,Unsold,
468,Stephen Cheepurupalli,20 Lakh,BOWLER,,,,Unsold,
469,Aniket Choudhary,20 Lakh,BOWLER,,,,Unsold,
470,Kartikeya Kak,20 Lakh,BOWLER,,,,Unsold,
471,Ali Khan,40 Lakh,BOWLER,,,,Unsold,
472,Kulwant Khejroliya,20 Lakh,BOWLER,,,DC,Unsold,
473,Ronit More,20 Lakh,BOWLER,,,,Unsold,
474,M Nidheesh,20 Lakh,BOWLER,,,,Unsold,
475,Babasafi Pathan,20 Lakh,BOWLER,,,,Unsold,
476,Vidyadhar Patil,20 Lakh,BOWLER,,,,Unsold,
477,Mukesh Kumar Singh,20 Lakh,BOWLER,,,,Unsold,
478,R. Alexandar,20 Lakh,BOWLER,,,,Unsold,
479,Adithya Ashok,20 Lakh,BOWLER,,,,Unsold,
480,Jasmer Dhankhar,20 Lakh,BOWLER,,,,Unsold,
481,Prerit Dutta,20 Lakh,BOWLER,,,,Unsold,
482,Jon Russ Jaggesar,20 Lakh,BOWLER,,,,Unsold,
483,S. Kishan Kumar,20 Lakh,BOWLER,,,,Unsold,
484,Kevin Koththigoda,20 Lakh,BOWLER,,,,Unsold,
485,Swaraj Wabale,20 Lakh,BOWLER,,,,Unsold,
486,Curtis Campher,50 Lakh,ALL-ROUNDER,,,,Unsold,
487,Colin De Grandhomme,1 Cr,ALL-ROUNDER,,,,Unsold,
488,James Faulkner,1 Cr,ALL-ROUNDER,,,,Unsold,
489,Craig Overton,2 Cr,ALL-ROUNDER,,,,Unsold,
490,Wayne Parnell,50 Lakh,ALL-ROUNDER,,,,Unsold,
491,Samit Patel,50 Lakh,ALL-ROUNDER,,,,Unsold,
492,Thisara Perera,50 Lakh,ALL-ROUNDER,,,,Unsold,
493,Darcy Short,1 Cr,ALL-ROUNDER,,,,Unsold,
494,Murali Vijay,50 Lakh,ALL-ROUNDER,,,,Unsold,
495,Jack Wildermuth,50 Lakh,ALL-ROUNDER,,,,Unsold,
496,Hamish Bennett,50 Lakh,BOWLER,,,,Unsold,
497,Daryn Dupavillon,50 Lakh,BOWLER,,,,Unsold,
498,Fidel Edwards,50 Lakh,BOWLER,,,,Unsold,
499,Hamid Hassan,50 Lakh,BOWLER,,,,Unsold,
500,Lahiru Kumara,50 Lakh,BOWLER,,,,Unsold,
501,Joel Paris,50 Lakh,BOWLER,,,,Unsold,
502,S. Sreesanth,50 Lakh,BOWLER,,,,Unsold,
503,Oshane Thomas,50 Lakh,BOWLER,,,,Unsold,
504,Blair Tickner,50 Lakh,BOWLER,,,,Unsold,
505,Isuru Udana,50 Lakh,BOWLER,,,,Unsold,
506,Donavon Ferreira,20 Lakh,BATTER,,,,Unsold,
507,Bhupen Lalwani,20 Lakh,BATTER,,,,Unsold,
508,Henan Malik,20 Lakh,BATTER,,,,Unsold,
509,Pukhraj Mann,20 Lakh,BATTER,,,,Unsold,
510,Shashwat Rawat,20 Lakh,BATTER,,,,Unsold,
511,Jake Weatherald,20 Lakh,BATTER,,,,Unsold,
512,Gerald Coetzee,20 Lakh,ALL-ROUNDER,,,,Unsold,
513,Akshay Karnewar,20 Lakh,ALL-ROUNDER,,,,Unsold,
514,Sumit Kumar,20 Lakh,ALL-ROUNDER,,,,Unsold,
515,Abid Mushtaq,20 Lakh,ALL-ROUNDER,,,,Unsold,
516,Lone Muzaffar,20 Lakh,ALL-ROUNDER,,,,Unsold,
517,Ninad Rathva,20 Lakh,ALL-ROUNDER,,,,Unsold,
518,Shoun Roger,20 Lakh,ALL-ROUNDER,,,,Unsold,
519,Jaideep Bhambhu,20 Lakh,BOWLER,,,,Unsold,
520,Nandre Burger,20 Lakh,BOWLER,,,,Unsold,
521,Matt Kelly,30 Lakh,BOWLER,,,,Unsold,
522,V Koushik,20 Lakh,BOWLER,,,,Unsold,
523,Akash Madhwal,20 Lakh,BOWLER,,,,Unsold,
524,Amit Mishra,20 Lakh,BOWLER,,,,Unsold,
525,Anuj Raj,20 Lakh,BOWLER,,,,Unsold,
526,Abhijeet Saket,20 Lakh,BOWLER,,,,Unsold,
527,Rahul Shukla,20 Lakh,BOWLER,,,,Unsold,
528,Nuwan Thushara,20 Lakh,BOWLER,,,,Unsold,
529,Mark Adnair,50 Lakh,ALL-ROUNDER,,,,Unsold,
530,Hilton Cartwright,50 Lakh,ALL-ROUNDER,,,,Unsold,
531,Gareth Delany,50 Lakh,ALL-ROUNDER,,,,Unsold,
532,Danushka Gunatilaka,50 Lakh,ALL-ROUNDER,,,,Unsold,
533,Anaru Kitchen,50 Lakh,ALL-ROUNDER,,,,Unsold,
534,Dhananjaya Lakshan,50 Lakh,ALL-ROUNDER,,,,Unsold,
535,Sisanda Magala,50 Lakh,ALL-ROUNDER,,,,Unsold,
536,Andile Phehlukwayo,50 Lakh,ALL-ROUNDER,,,,Unsold,
537,Seekkuge Prasanna,50 Lakh,ALL-ROUNDER,,,,Unsold,
538,Raymon Reifer,50 Lakh,ALL-ROUNDER,,,,Unsold,
539,Amit Ali,20 Lakh,ALL-ROUNDER,,,,Unsold,
540,Chaitanya Bishnoi,20 Lakh,ALL-ROUNDER,,,,Unsold,
541,Mayank Dagar,20 Lakh,ALL-ROUNDER,,,,Unsold,
542,Migael Pretorius,20 Lakh,ALL-ROUNDER,,,,Unsold,
543,Shivam Sharma,20 Lakh,ALL-ROUNDER,,,,Unsold,
544,Pratyush Singh,20 Lakh,ALL-ROUNDER,,,,Unsold,
545,Sanvir Singh,20 Lakh,ALL-ROUNDER,,,,Unsold,
546,Dhrushant Soni,20 Lakh,ALL-ROUNDER,,,,Unsold,
547,M Venkatesh,20 Lakh,ALL-ROUNDER,,,,Unsold,
548,Bandaru Ayyappa,20 Lakh,BOWLER,,,,Unsold,
549,Gurnoor Singh Brar,20 Lakh,BOWLER,,,,Unsold,
550,Akash Choudhary,20 Lakh,BOWLER,,,,Unsold,
551,Mohit Jangra,20 Lakh,BOWLER,,,,Unsold,
552,Aaqib Khan,20 Lakh,BOWLER,,,,Unsold,
553,Ruben Trumpelmann,20 Lakh,BOWLER,,,,Unsold,
554,Brad Wheal,50 Lakh,BOWLER,,,,Unsold,
555,Lalit Yadav,20 Lakh,BOWLER,,,,Unsold,
556,Auqib Dar,20 Lakh,ALL-ROUNDER,,,,Unsold,
557,Chirag Gandhi,20 Lakh,ALL-ROUNDER,,,,Unsold,
558,Chris Green,40 Lakh,ALL-ROUNDER,,,,Unsold,
559,Sijomon Joseph,20 Lakh,ALL-ROUNDER,,,,Unsold,
560,Anirudha Joshi,20 Lakh,ALL-ROUNDER,,,DC,Unsold,
561,Shubham Sharma,20 Lakh,ALL-ROUNDER,,,,Unsold,
562,Shubham Singh,20 Lakh,ALL-ROUNDER,,,,Unsold,
563,Arpit Guleria,20 Lakh,BOWLER,,,,Unsold,
564,Vipul Krishna,20 Lakh,BOWLER,,,,Unsold,
565,Safvan Patel,20 Lakh,BOWLER,,,,Unsold,
566,Chinntla Readdi,20 Lakh,BOWLER,,,,Unsold,
567,Manish Reddy,20 Lakh,BOWLER,,,,Unsold,
568,Ravi Sharma,20 Lakh,BOWLER,,,,Unsold,
569,Shubham Singh,20 Lakh,BOWLER,,,,Unsold,
570,Corbin Bosch,20 Lakh,ALL-ROUNDER,,,,Unsold,
571,Nathan McAndrew,20 Lakh,ALL-ROUNDER,,,,Unsold,
572,Diwesh Pathania,20 Lakh,ALL-ROUNDER,,,,Unsold,
573,Shubham Ranjane,20 Lakh,ALL-ROUNDER,,,,Unsold,
574,Tom Rogers,20 Lakh,ALL-ROUNDER,,,,Unsold,
575,Johannes Smit,20 Lakh,ALL-ROUNDER,,,,Unsold,
576,Sagar Trivedi,20 Lakh,ALL-ROUNDER,,,,Unsold,
577,Harsh Tyagi,20 Lakh,ALL-ROUNDER,,,,Unsold,
578,R. Vivek,20 Lakh,ALL-ROUNDER,,,,Unsold,
579,R.Sonu Yadav,20 Lakh,ALL-ROUNDER,,,,Unsold,
580,V. Athisayaraj,20 Lakh,BOWLER,,,,Unsold,
581,Ottneil Baartman,20 Lakh,BOWLER,,,,Unsold,
582,M.B. Darshan,20 Lakh,BOWLER,,,,Unsold,
583,V. Gowtham,20 Lakh,BOWLER,,,,Unsold,
584,Khwezi Gumede,20 Lakh,BOWLER,,,,Unsold,
585,Liam Guthrie,20 Lakh,BOWLER,,,,Unsold,
586,Liam Hatcher,20 Lakh,BOWLER,,,,Unsold,
587,Jay Bista,20 Lakh,ALL-ROUNDER,,,,Unsold,
588,Saurav Chuahan,20 Lakh,ALL-ROUNDER,,,,Unsold,
589,Tajinder Dhillon,20 Lakh,ALL-ROUNDER,,,,Unsold,
590,Dikshanshu Negi,20 Lakh,ALL-ROUNDER,,,,Unsold,
591,Abhishek Raut,20 Lakh,ALL-ROUNDER,,,,Unsold,
592,K.V. Sasikanth,20 Lakh,ALL-ROUNDER,,,,Unsold,
593,Bharat Sharma,20 Lakh,ALL-ROUNDER,,,,Unsold,
594,Shivam Sharma,20 Lakh,ALL-ROUNDER,,,,Unsold,
595,Amit Yadav,20 Lakh,ALL-ROUNDER,,,,Unsold,
596,Manoj Bhandage,20 Lakh,ALL-ROUNDER,,,,Unsold,
597,Arun Chaprana,20 Lakh,ALL-ROUNDER,,,,Unsold,
598,Ajay Dev Goud,20 Lakh,ALL-ROUNDER,,,,Unsold,
599,Divyang Hinganekar,20 Lakh,ALL-ROUNDER,,,,Unsold,
600,Azim Kazi,20 Lakh,ALL-ROUNDER,,,,Unsold,
601,Sujit Nayak,20 Lakh,ALL-ROUNDER,,,,Unsold,
602,Parth Sahani,20 Lakh,ALL-ROUNDER,,,,Unsold,
603,Ashutosh Sharma,20 Lakh,ALL-ROUNDER,,,,Unsold,
604,Vivrant Sharma,20 Lakh,ALL-ROUNDER,,,,Unsold,
605,Kumar Kartikeya Singh,20 Lakh,ALL-ROUNDER,,,,Unsold,
606,Ravi Chauhan,20 Lakh,ALL-ROUNDER,,,,Unsold,
607,Shafiqullah Ghafari,20 Lakh,ALL-ROUNDER,,,,Unsold,
608,M. Mohammed,20 Lakh,ALL-ROUNDER,,,,Unsold,
609,Pulkit Narang,20 Lakh,ALL-ROUNDER,,,,Unsold,
610,Pradosh Paul,20 Lakh,ALL-ROUNDER,,,,Unsold,
611,Pushpendra Singh Rathore,20 Lakh,ALL-ROUNDER,,,,Unsold,
612,Jason Sangha,20 Lakh,ALL-ROUNDER,,,,Unsold,
613,Purnank Tyagi,20 Lakh,ALL-ROUNDER,,,,Unsold,
614,Samarth Vyas,20 Lakh,ALL-ROUNDER,,,,Unsold,
615,Duan Jansen,20 Lakh,ALL-ROUNDER,,,,Unsold,
616,Dev Lakra,20 Lakh,ALL-ROUNDER,,,,Unsold,
617,Ajay Mandal,20 Lakh,ALL-ROUNDER,,,,Unsold,
618,Lakhan Raja,20 Lakh,ALL-ROUNDER,,,,Unsold,
619,Girinath Reddy,20 Lakh,ALL-ROUNDER,,,,Unsold,
620,Siddhant Sharma,20 Lakh,ALL-ROUNDER,,,,Unsold,
621,Matthew Short,20 Lakh,ALL-ROUNDER,,,,Unsold,
622,Saurin Thakar,20 Lakh,ALL-ROUNDER,,,,Unsold,
623,Nyeem Young,20 Lakh,ALL-ROUNDER,,,,Unsold,
624,Yuvraj Chaudhary,20 Lakh,ALL-ROUNDER,,,,Unsold,
625,Khizar Dafedar,20 Lakh,ALL-ROUNDER,,,,Unsold,
626,Sahil Dhiwan,20 Lakh,ALL-ROUNDER,,,,Unsold,
627,Arjit Gupta,20 Lakh,ALL-ROUNDER,,,,Unsold,
628,Mickil Jaiswal,20 Lakh,ALL-ROUNDER,,,,Unsold,
629,Ryan John,20 Lakh,ALL-ROUNDER,,,,Unsold,
630,J. Kousik,20 Lakh,ALL-ROUNDER,,,,Unsold,
631,Jitender Pal,20 Lakh,ALL-ROUNDER,,,,Unsold,
632,Jonty Sidhu,20 Lakh,ALL-ROUNDER,,,,Unsold,
633,Yashovardhan Singh,20 Lakh,ALL-ROUNDER,,,,Unsold,
634,Beyers Swanepoel,20 Lakh,ALL-ROUNDER,,,,Unsold,
635,Pranshu Vijayran,20 Lakh,ALL-ROUNDER,,,,Unsold,
636,Ishan Afridi,20 Lakh,ALL-ROUNDER,,,,Unsold,
637,Mohammed Afridi,20 Lakh,ALL-ROUNDER,,,,Unsold,
638,Prerit Agrawal,20 Lakh,ALL-ROUNDER,,,,Unsold,
639,Aidan Cahill,20 Lakh,ALL-ROUNDER,,,,Unsold,
640,Mark Deyal,20 Lakh,ALL-ROUNDER,,,,Unsold,
641,Nidhish Rajagopal,20 Lakh,ALL-ROUNDER,,,,Unsold,
642,Bavanaka Sandeep,20 Lakh,ALL-ROUNDER,,,,Unsold,
643,Safyaan Sharif,20 Lakh,ALL-ROUNDER,,,,Unsold,
644,Henry Shipley,20 Lakh,ALL-ROUNDER,,,,Unsold,
645,Maxwell Swaminathan,20 Lakh,ALL-ROUNDER,,,,Unsold,
646,Johan Van Dyk,20 Lakh,ALL-ROUNDER,,,,Unsold,
647,Dunith Wellalage,20 Lakh,ALL-ROUNDER,,,,Unsold,
648,Agnivesh Ayachi,20 Lakh,ALL-ROUNDER,,,PBKS,Unsold,
649,Rohan Rana,20 Lakh,ALL-ROUNDER,,,,Unsold,
650,Nitish Reddy,20 Lakh,ALL-ROUNDER,,,,Unsold,
651,Hardik Tamore,20 Lakh,WICKETKEEPER,,,,Unsold,
652,Mihir Hirwani,20 Lakh,BOWLER,,,,Unsold,
653,Sairaj Patil,20 Lakh,BATTER,,,,Unsold,
654,Monu Singh,20 Lakh,BOWLER,,,,Unsold,
655,Nivethan Radhakrishnan,20 Lakh,BOWLER,,,,Unsold,
656,Lance Morris,20 Lakh,BOWLER,,,,Unsold,
657,Aaron Hardie,20 Lakh,ALL-ROUNDER,,,,Unsold,
658,Suresh Raina,2 Cr,BATTER,,,CSK,Unsold,
659,Steve Smith,2 Cr,BATTER,,,DC,Unsold,
660,Shakib Al Hasan,2 Cr,ALL-ROUNDER,,,KKR,Unsold,
661,Amit Mishra,1.5 Cr,BOWLER,,,DC,Unsold,
662,Adil Rashid,2 Cr,BOWLER,,,PBKS,Unsold,
663,Imran Tahir,2 Cr,BOWLER,,,CSK,Unsold,
664,Mujeeb Zadran,2 Cr,BOWLER,,,SRH,Unsold,
665,Adam Zampa,2 Cr,BOWLER,,,RCB,Unsold,
666,Rajat Patidar,20 Lakh,BATTER,,,RCB,Unsold,
667,Mohammed Azharuddeen,20 Lakh,WICKETKEEPER,,,RCB,Unsold,
668,Vishnu Solanki,20 Lakh,WICKETKEEPER,,,,Unsold,
669,Sandeep Lamichhane,40 Lakh,BOWLER,,,,Unsold,
670,M. Siddharth,20 Lakh,BOWLER,,,DC,Unsold,
671,Aaron Finch,1.5 Cr,BATTER,,,,Unsold,
672,Marnus Labuschagne,1 Cr,BATTER,,,,Unsold,
673,Dawid Malan,1.5 Cr,BATTER,,,PBKS,Unsold,
674,Eoin Morgan,1.5 Cr,BATTER,,,KKR,Unsold,
675,Cheteshwar Pujara,50 Lakh,BATTER,,,CSK,Unsold,
676,Saurabh Tiwary,50 Lakh,BATTER,,,MI,Unsold,
677,Sheldon Cottrell,75 Lakh,BOWLER,,,,Unsold,
678,Ishant Sharma,1.5 Cr,BOWLER,,,DC,Unsold,
679,Qais Ahmad,50 Lakh,BOWLER,,,,Unsold,
680,Piyush Chawla,1 Cr,BOWLER,,,MI,Unsold,
681,Tabraiz Shamsi,1 Cr,BOWLER,,,RR,Unsold,
682,Ish Sodhi,50 Lakh,BOWLER,,,,Unsold,
683,Sachin Baby,20 Lakh,BATTER,,,RCB,Unsold,
684,Ricky Bhui,20 Lakh,BATTER,,,,Unsold,
685,Himanshu Rana,20 Lakh,BATTER,,,,Unsold,
686,Harnoor Singh,20 Lakh,BATTER,,,,Unsold,
687,Himmat Singh,20 Lakh,BATTER,,,,Unsold,
688,Virat Singh,20 Lakh,BATTER,,,SRH,Unsold,
689,Arzan Nagwaswalla,20 Lakh,BOWLER,,,,Unsold,
690,Akash Singh,20 Lakh,BOWLER,,,RR,Unsold,
691,Yash Thakur,20 Lakh,BOWLER,,,,Unsold,
692,Vasu Vats,20 Lakh,BOWLER,,,,Unsold,
693,Mujtaba Yousuf,20 Lakh,BOWLER,,,,Unsold,
694,Chris Lynn,1.5 Cr,BATTER,,,MI,Unsold,
695,Najibullah Zadran,50 Lakh,BATTER,,,,Unsold,
696,Charith Asalanka,50 Lakh,ALL-ROUNDER,,,,Unsold,
697,George Garton,50 Lakh,ALL-ROUNDER,,,RCB,Unsold,
698,Litton Das,50 Lakh,WICKETKEEPER,,,,Unsold,
699,Niroshan Dickwella,50 Lakh,WICKETKEEPER,,,,Unsold,
700,Andre Fletcher,50 Lakh,WICKETKEEPER,,,,Unsold,
701,Rahmanullah Gurbaz,50 Lakh,WICKETKEEPER,,,,Unsold,
702,Shai Hope,50 Lakh,WICKETKEEPER,,,,Unsold,
703,Heinrich Klaasen,50 Lakh,WICKETKEEPER,,,,Unsold,
704,Ben Mcdermott,50 Lakh,WICKETKEEPER,,,,Unsold,
705,Kusal Mendis,50 Lakh,WICKETKEEPER,,,,Unsold,
706,Kusal Perera,50 Lakh,WICKETKEEPER,,,,Unsold,
707,Joshua Philippe,1 Cr,WICKETKEEPER,,,,Unsold,
708,Reece Topley,75 Lakh,BOWLER,,,,Unsold,
709,Andrew Tye,1 Cr,BOWLER,,,RR,Unsold,
710,Sandeep Warrier,50 Lakh,BOWLER,,,KKR,Unsold,
711,Todd Astle,75 Lakh,BOWLER,,,,Unsold,
712,Akila Dhananjaya,50 Lakh,BOWLER,,,,Unsold,
713,Zahir Khan,50 Lakh,BOWLER,,,,Unsold,
714,Keshav Maharaj,50 Lakh,BOWLER,,,,Unsold,
715,Waqar Salamkheil,50 Lakh,BOWLER,,,,Unsold,
716,Rahul Sharma,50 Lakh,BOWLER,,,,Unsold,
717,Hayden Walsh,50 Lakh,BOWLER,,,,Unsold,
718,Tanmay Agarwal,20 Lakh,BATTER,,,,Unsold,
719,Shivam Chauhan,20 Lakh,BATTER,,,,Unsold,
720,Nikhil Gangta,20 Lakh,BATTER,,,,Unsold,
721,Rohan Kadam,20 Lakh,BATTER,,,,Unsold,
722,Tom Kohler-Cadmore,40 Lakh,BATTER,,,,Unsold,
723,Priyank Panchal,20 Lakh,BATTER,,,,Unsold,
724,Sameer Rizvi,20 Lakh,BATTER,,,,Unsold,
725,Ritwik Roy Chowdhury,20 Lakh,BATTER,,,,Unsold,
726,Apoorv Wankhade,20 Lakh,BATTER,,,,Unsold,
727,Atharva Ankolekar,20 Lakh,ALL-ROUNDER,,,,Unsold,
728,Tanay Thyagarajan,20 Lakh,ALL-ROUNDER,,,,Unsold,
729,Ankush Bains,20 Lakh,WICKETKEEPER,,,,Unsold,
730,Prashant Chopra,20 Lakh,WICKETKEEPER,,,,Unsold,
731,Kedar Devdhar,20 Lakh,WICKETKEEPER,,,,Unsold,
732,Shreevats Goswami,20 Lakh,WICKETKEEPER,,,SRH,Unsold,
733,Akshdeep Nath,20 Lakh,WICKETKEEPER,,,,Unsold,
734,Aditya Tare,20 Lakh,WICKETKEEPER,,,MI,Unsold,
735,Upendra Singh Yadav,20 Lakh,WICKETKEEPER,,,,Unsold,
736,Ben Dwarshuis,30 Lakh,BOWLER,,,,Unsold,
737,Pankaj Jaswal,20 Lakh,BOWLER,,,,Unsold,
738,Lukman Hussain Meriwala,20 Lakh,BOWLER,,,DC,Unsold,
739,Vyshak Vijay Kumar,20 Lakh,BOWLER,,,,Unsold,
740,Zeeshan Ansari,20 Lakh,BOWLER,,,,Unsold,
741,Yuvraj Chudasama,20 Lakh,BOWLER,,,,Unsold,
742,Dharmendrasinh Jadeja,20 Lakh,BOWLER,,,,Unsold,
743,Khrievitso Kense,20 Lakh,BOWLER,,,,Unsold,
744,Prince Balwant Rai,20 Lakh,BOWLER,,,,Unsold,
745,Pardeep Sahu,20 Lakh,BOWLER,,,,Unsold,
746,Jalaj Saxena,30 Lakh,BOWLER,,,PBKS,Unsold,
747,Midhun Sudhesan,20 Lakh,BOWLER,,,,Unsold,
748,Martin Guptill,75 Lakh,BATTER,,,,Unsold,
749,Usman Khawaja,1.5 Cr,BATTER,,,,Unsold,
750,Brandon King,50 Lakh,BATTER,,,,Unsold,
751,Janneman Malan,50 Lakh,BATTER,,,,Unsold,
752,Rilee Rossouw,1 Cr,BATTER,,,,Unsold,
753,Paul Stirling,50 Lakh,BATTER,,,,Unsold,
754,Hanuma Vihari,50 Lakh,BATTER,,,,Unsold,
755,James Vince,2 Cr,BATTER,,,,Unsold,
756,Hazratullah Zazai,50 Lakh,BATTER,,,,Unsold,
757,Roston Chase,1 Cr,ALL-ROUNDER,,,,Unsold,
758,Ben Cutting,75 Lakh,ALL-ROUNDER,,,KKR,Unsold,
759,Lewis Gregory,1.5 Cr,ALL-ROUNDER,,,,Unsold,
760,Moises Henriques,1 Cr,ALL-ROUNDER,,,PBKS,Unsold,
761,Akeal Hosein,50 Lakh,ALL-ROUNDER,,,,Unsold,
762,Karim Janat,50 Lakh,ALL-ROUNDER,,,,Unsold,
763,Scott Kuggeleijn,75 Lakh,ALL-ROUNDER,,,RCB,Unsold,
764,Pawan Negi,50 Lakh,ALL-ROUNDER,,,KKR,Unsold,
765,Taskin Ahmed,50 Lakh,BOWLER,,,,Unsold,
766,Marchant De Lange,2 Cr,BOWLER,,,,Unsold,
767,Dhawal Kulkarni,75 Lakh,BOWLER,,,MI,Unsold,
768,Saqib Mahmood,2 Cr,BOWLER,,,,Unsold,
769,Kane Richardson,1.5 Cr,BOWLER,,,RCB,Unsold,
770,Naveen Ul Haq,50 Lakh,BOWLER,,,,Unsold,
771,Harpreet Bhatia,40 Lakh,BATTER,,,,Unsold,
772,Sudip Chatterjee,20 Lakh,BATTER,,,,Unsold,
773,Hiten Dalal,20 Lakh,BATTER,,,,Unsold,
774,Abhimanyu Easwaran,20 Lakh,BATTER,,,,Unsold,
775,Laurie Evans,40 Lakh,BATTER,,,,Unsold,
776,Rahul Gahlaut,20 Lakh,BATTER,,,,Unsold,
777,Amandeep Khare,20 Lakh,BATTER,,,,Unsold,
778,Mayank Rawat,20 Lakh,BATTER,,,,Unsold,
779,Dhruv Shorey,20 Lakh,BATTER,,,,Unsold,
780,Hayden Kerr,20 Lakh,ALL-ROUNDER,,,,Unsold,
781,Saurabh Kumar,20 Lakh,ALL-ROUNDER,,,,Unsold,
782,Shams Mulani,20 Lakh,ALL-ROUNDER,,,,Unsold,
783,Dhruv Patel,20 Lakh,ALL-ROUNDER,,,,Unsold,
784,Atit Sheth,20 Lakh,ALL-ROUNDER,,,,Unsold,
785,Utkarsh Singh,20 Lakh,ALL-ROUNDER,,,,Unsold,
786,David Wiese,50 Lakh,ALL-ROUNDER,,,,Unsold,
787,Kaif Ahmad,20 Lakh,WICKETKEEPER,,,,Unsold,
788,Shubhum Arora,20 Lakh,WICKETKEEPER,,,,Unsold,
789,Arun Karthick,40 Lakh,WICKETKEEPER,,,,Unsold,
790,Eknath Kerkar,20 Lakh,WICKETKEEPER,,,,Unsold,
791,Kennar Lewis,40 Lakh,WICKETKEEPER,,,,Unsold,
792,Nikhil Naik,20 Lakh,WICKETKEEPER,,,,Unsold,
793,Urvil Patel,20 Lakh,WICKETKEEPER,,,,Unsold,
794,B.R. Sharath,20 Lakh,WICKETKEEPER,,,,Unsold,
795,K.L. Shrijith,20 Lakh,WICKETKEEPER,,,,Unsold,
796,Mohit Avasthi,20 Lakh,BOWLER,,,,Unsold,
797,Sushant Mishra,20 Lakh,BOWLER,,,,Unsold,
798,Matheesha Pathirana,20 Lakh,BOWLER,,,,Unsold,
799,G Periyasamy,20 Lakh,BOWLER,,,,Unsold,
800,M.Harishankar Reddy,20 Lakh,BOWLER,,,,Unsold,
801,R. Silambarasan,20 Lakh,BOWLER,,,,Unsold,
802,Aditya Thakare,20 Lakh,BOWLER,,,,Unsold,
803,Tanveer Ul Haq,20 Lakh,BOWLER,,,,Unsold,
804,Prithviraj Yarra,20 Lakh,BOWLER,,,,Unsold,
805,Satyajeet Bachhav,20 Lakh,BOWLER,,,,Unsold,
806,Chintal Gandhi,20 Lakh,BOWLER,,,,Unsold,
807,Jacob Lintott,20 Lakh,BOWLER,,,,Unsold,
808,Izharulhuq Naveed,20 Lakh,BOWLER,,,,Unsold,
809,Tanveer Sangha,20 Lakh,BOWLER,,,,Unsold,
810,Manav Suthar,20 Lakh,BOWLER,,,,Unsold,
811,Milind Tandon,20 Lakh,BOWLER,,,,Unsold,
812,Sagar Udeshi,20 Lakh,BOWLER,,,,Unsold,
813,Kushaal Wadhwani,20 Lakh,BOWLER,,,,Unsold,
814,Akshay Wakhare,20 Lakh,BOWLER,,,,Unsold,
815,Darren Bravo,75 Lakh,BATTER,,,,Unsold,
816,Shamrah Brooks,50 Lakh,BATTER,,,,Unsold,
817,Avishka Fernando,50 Lakh,BATTER,,,,Unsold,
818,Zubayr Hamza,50 Lakh,BATTER,,,,Unsold,
819,Pathum Nissaanka,50 Lakh,BATTER,,,,Unsold,
820,Kurtis Patterson,50 Lakh,BATTER,,,,Unsold,
821,Hashmatullah Shahidi,50 Lakh,BATTER,,,,Unsold,
822,Manoj Tiwary,50 Lakh,BATTER,,,,Unsold,
823,Ashton Agar,2 Cr,ALL-ROUNDER,,,,Unsold,
824,Carlos Brath15000000e,75 Lakh,ALL-ROUNDER,,,,Unsold,
825,Kedar Jadhav,1 Cr,ALL-ROUNDER,,,SRH,Unsold,
826,Colin Munro,1.5 Cr,ALL-ROUNDER,,,,Unsold,
827,Gulbadin Naib,50 Lakh,ALL-ROUNDER,,,,Unsold,
828,Keemo Paul,75 Lakh,ALL-ROUNDER,,,,Unsold,
829,Parvez Rasool,50 Lakh,ALL-ROUNDER,,,,Unsold,
830,Dasun Shanaka,50 Lakh,ALL-ROUNDER,,,,Unsold,
831,Wesley Agar,50 Lakh,BOWLER,,,,Unsold,
832,Shoriful Islam,50 Lakh,BOWLER,,,,Unsold,
833,Josh Little,50 Lakh,BOWLER,,,,Unsold,
834,Blessing Muzarabani,50 Lakh,BOWLER,,,,Unsold,
835,Jayden Seales,50 Lakh,BOWLER,,,,Unsold,
836,Mohit Sharma,50 Lakh,BOWLER,,,,Unsold,
837,Barinder Sran,50 Lakh,BOWLER,,,,Unsold,
838,Billy Stanlake,75 Lakh,BOWLER,,,,Unsold,
839,Neil Wagner,50 Lakh,BOWLER,,,,Unsold,
840,Qamran Iqbal,20 Lakh,BATTER,,,,Unsold,
841,Ishank Jaggi,20 Lakh,BATTER,,,,Unsold,
842,Rohan Kunnummal,20 Lakh,BATTER,,,,Unsold,
843,Tanmay Mishra,20 Lakh,BATTER,,,,Unsold,
844,Yash Nahar,20 Lakh,BATTER,,,,Unsold,
845,Shubham Singh Rohilla,20 Lakh,BATTER,,,,Unsold,
846,Alex Ross,20 Lakh,BATTER,,,,Unsold,
847,Naushad Shaikh,20 Lakh,BATTER,,,,Unsold,
848,Baba Aparajith,20 Lakh,ALL-ROUNDER,,,,Unsold,
849,Prayas Barman,20 Lakh,ALL-ROUNDER,,,,Unsold,
850,Yudhvir Charak,20 Lakh,ALL-ROUNDER,,,MI,Unsold,
851,Shubhang Hegde,20 Lakh,ALL-ROUNDER,,,,Unsold,
852,Roosh Kalaria,20 Lakh,ALL-ROUNDER,,,,Unsold,
853,Tanush Kotian,20 Lakh,ALL-ROUNDER,,,,Unsold,
854,Kaushal Tambe,20 Lakh,ALL-ROUNDER,,,,Unsold,
855,Shivank Vashisth,20 Lakh,ALL-ROUNDER,,,,Unsold,
856,Rahul Chandrol,20 Lakh,WICKETKEEPER,,,,Unsold,
857,Harvik Desai,20 Lakh,WICKETKEEPER,,,,Unsold,
858,Cam Fletcher,20 Lakh,WICKETKEEPER,,,,Unsold,
859,Tarang Gohel,20 Lakh,WICKETKEEPER,,,,Unsold,
860,Fazil Makaya,20 Lakh,WICKETKEEPER,,,,Unsold,
861,Ryan Rickelton,20 Lakh,WICKETKEEPER,,,,Unsold,
862,Sandeep Kumar Tomar,20 Lakh,WICKETKEEPER,,,,Unsold,
863,Siddhesh Wath,20 Lakh,WICKETKEEPER,,,,Unsold,
864,Stephen Cheepurupalli,20 Lakh,BOWLER,,,,Unsold,
865,Aniket Choudhary,20 Lakh,BOWLER,,,,Unsold,
866,Kartikeya Kak,20 Lakh,BOWLER,,,,Unsold,
867,Ali Khan,40 Lakh,BOWLER,,,,Unsold,
868,Kulwant Khejroliya,20 Lakh,BOWLER,,,DC,Unsold,
869,Ronit More,20 Lakh,BOWLER,,,,Unsold,
870,M Nidheesh,20 Lakh,BOWLER,,,,Unsold,
871,Babasafi Pathan,20 Lakh,BOWLER,,,,Unsold,
872,Vidyadhar Patil,20 Lakh,BOWLER,,,,Unsold,
873,Mukesh Kumar Singh,20 Lakh,BOWLER,,,,Unsold,
874,R. Alexandar,20 Lakh,BOWLER,,,,Unsold,
875,Adithya Ashok,20 Lakh,BOWLER,,,,Unsold,
876,Jasmer Dhankhar,20 Lakh,BOWLER,,,,Unsold,
877,Prerit Dutta,20 Lakh,BOWLER,,,,Unsold,
878,Jon Russ Jaggesar,20 Lakh,BOWLER,,,,Unsold,
879,S. Kishan Kumar,20 Lakh,BOWLER,,,,Unsold,
880,Kevin Koththigoda,20 Lakh,BOWLER,,,,Unsold,
881,Swaraj Wabale,20 Lakh,BOWLER,,,,Unsold,
882,Curtis Campher,50 Lakh,ALL-ROUNDER,,,,Unsold,
883,Colin De Grandhomme,1 Cr,ALL-ROUNDER,,,,Unsold,
884,James Faulkner,1 Cr,ALL-ROUNDER,,,,Unsold,
885,Craig Overton,2 Cr,ALL-ROUNDER,,,,Unsold,
886,Wayne Parnell,50 Lakh,ALL-ROUNDER,,,,Unsold,
887,Samit Patel,50 Lakh,ALL-ROUNDER,,,,Unsold,
888,Thisara Perera,50 Lakh,ALL-ROUNDER,,,,Unsold,
889,Darcy Short,1 Cr,ALL-ROUNDER,,,,Unsold,
890,Murali Vijay,50 Lakh,ALL-ROUNDER,,,,Unsold,
891,Jack Wildermuth,50 Lakh,ALL-ROUNDER,,,,Unsold,
892,Hamish Bennett,50 Lakh,BOWLER,,,,Unsold,
893,Daryn Dupavillon,50 Lakh,BOWLER,,,,Unsold,
894,Fidel Edwards,50 Lakh,BOWLER,,,,Unsold,
895,Hamid Hassan,50 Lakh,BOWLER,,,,Unsold,
896,Lahiru Kumara,50 Lakh,BOWLER,,,,Unsold,
897,Joel Paris,50 Lakh,BOWLER,,,,Unsold,
898,S. Sreesanth,50 Lakh,BOWLER,,,,Unsold,
899,Oshane Thomas,50 Lakh,BOWLER,,,,Unsold,
900,Blair Tickner,50 Lakh,BOWLER,,,,Unsold,
901,Isuru Udana,50 Lakh,BOWLER,,,,Unsold,
902,Donavon Ferreira,20 Lakh,BATTER,,,,Unsold,
903,Bhupen Lalwani,20 Lakh,BATTER,,,,Unsold,
904,Henan Malik,20 Lakh,BATTER,,,,Unsold,
905,Pukhraj Mann,20 Lakh,BATTER,,,,Unsold,
906,Shashwat Rawat,20 Lakh,BATTER,,,,Unsold,
907,Jake Weatherald,20 Lakh,BATTER,,,,Unsold,
908,Gerald Coetzee,20 Lakh,ALL-ROUNDER,,,,Unsold,
909,Akshay Karnewar,20 Lakh,ALL-ROUNDER,,,,Unsold,
910,Sumit Kumar,20 Lakh,ALL-ROUNDER,,,,Unsold,
911,Abid Mushtaq,20 Lakh,ALL-ROUNDER,,,,Unsold,
912,Lone Muzaffar,20 Lakh,ALL-ROUNDER,,,,Unsold,
913,Ninad Rathva,20 Lakh,ALL-ROUNDER,,,,Unsold,
914,Shoun Roger,20 Lakh,ALL-ROUNDER,,,,Unsold,
915,Jaideep Bhambhu,20 Lakh,BOWLER,,,,Unsold,
916,Nandre Burger,20 Lakh,BOWLER,,,,Unsold,
917,Matt Kelly,30 Lakh,BOWLER,,,,Unsold,
918,V Koushik,20 Lakh,BOWLER,,,,Unsold,
919,Akash Madhwal,20 Lakh,BOWLER,,,,Unsold,
920,Amit Mishra,20 Lakh,BOWLER,,,,Unsold,
921,Anuj Raj,20 Lakh,BOWLER,,,,Unsold,
922,Abhijeet Saket,20 Lakh,BOWLER,,,,Unsold,
923,Rahul Shukla,20 Lakh,BOWLER,,,,Unsold,
924,Nuwan Thushara,20 Lakh,BOWLER,,,,Unsold,
925,Mark Adnair,50 Lakh,ALL-ROUNDER,,,,Unsold,
926,Hilton Cartwright,50 Lakh,ALL-ROUNDER,,,,Unsold,
927,Gareth Delany,50 Lakh,ALL-ROUNDER,,,,Unsold,
928,Danushka Gunatilaka,50 Lakh,ALL-ROUNDER,,,,Unsold,
929,Anaru Kitchen,50 Lakh,ALL-ROUNDER,,,,Unsold,
930,Dhananjaya Lakshan,50 Lakh,ALL-ROUNDER,,,,Unsold,
931,Sisanda Magala,50 Lakh,ALL-ROUNDER,,,,Unsold,
932,Andile Phehlukwayo,50 Lakh,ALL-ROUNDER,,,,Unsold,
933,Seekkuge Prasanna,50 Lakh,ALL-ROUNDER,,,,Unsold,
934,Raymon Reifer,50 Lakh,ALL-ROUNDER,,,,Unsold,
935,Amit Ali,20 Lakh,ALL-ROUNDER,,,,Unsold,
936,Chaitanya Bishnoi,20 Lakh,ALL-ROUNDER,,,,Unsold,
937,Mayank Dagar,20 Lakh,ALL-ROUNDER,,,,Unsold,
938,Migael Pretorius,20 Lakh,ALL-ROUNDER,,,,Unsold,
939,Shivam Sharma,20 Lakh,ALL-ROUNDER,,,,Unsold,
940,Pratyush Singh,20 Lakh,ALL-ROUNDER,,,,Unsold,
941,Sanvir Singh,20 Lakh,ALL-ROUNDER,,,,Unsold,
942,Dhrushant Soni,20 Lakh,ALL-ROUNDER,,,,Unsold,
943,M Venkatesh,20 Lakh,ALL-ROUNDER,,,,Unsold,
944,Bandaru Ayyappa,20 Lakh,BOWLER,,,,Unsold,
945,Gurnoor Singh Brar,20 Lakh,BOWLER,,,,Unsold,
946,Akash Choudhary,20 Lakh,BOWLER,,,,Unsold,
947,Mohit Jangra,20 Lakh,BOWLER,,,,Unsold,
948,Aaqib Khan,20 Lakh,BOWLER,,,,Unsold,
949,Ruben Trumpelmann,20 Lakh,BOWLER,,,,Unsold,
950,Brad Wheal,50 Lakh,BOWLER,,,,Unsold,
951,Lalit Yadav,20 Lakh,BOWLER,,,,Unsold,
952,Auqib Dar,20 Lakh,ALL-ROUNDER,,,,Unsold,
953,Chirag Gandhi,20 Lakh,ALL-ROUNDER,,,,Unsold,
954,Chris Green,40 Lakh,ALL-ROUNDER,,,,Unsold,
955,Sijomon Joseph,20 Lakh,ALL-ROUNDER,,,,Unsold,
956,Anirudha Joshi,20 Lakh,ALL-ROUNDER,,,DC,Unsold,
957,Shubham Sharma,20 Lakh,ALL-ROUNDER,,,,Unsold,
958,Shubham Singh,20 Lakh,ALL-ROUNDER,,,,Unsold,
959,Arpit Guleria,20 Lakh,BOWLER,,,,Unsold,
960,Vipul Krishna,20 Lakh,BOWLER,,,,Unsold,
961,Safvan Patel,20 Lakh,BOWLER,,,,Unsold,
962,Chinntla Readdi,20 Lakh,BOWLER,,,,Unsold,
963,Manish Reddy,20 Lakh,BOWLER,,,,Unsold,
964,Ravi Sharma,20 Lakh,BOWLER,,,,Unsold,
965,Shubham Singh,20 Lakh,BOWLER,,,,Unsold,
966,Corbin Bosch,20 Lakh,ALL-ROUNDER,,,,Unsold,
967,Nathan McAndrew,20 Lakh,ALL-ROUNDER,,,,Unsold,
968,Diwesh Pathania,20 Lakh,ALL-ROUNDER,,,,Unsold,
969,Shubham Ranjane,20 Lakh,ALL-ROUNDER,,,,Unsold,
970,Tom Rogers,20 Lakh,ALL-ROUNDER,,,,Unsold,
971,Johannes Smit,20 Lakh,ALL-ROUNDER,,,,Unsold,
972,Sagar Trivedi,20 Lakh,ALL-ROUNDER,,,,Unsold,
973,Harsh Tyagi,20 Lakh,ALL-ROUNDER,,,,Unsold,
974,R. Vivek,20 Lakh,ALL-ROUNDER,,,,Unsold,
975,R.Sonu Yadav,20 Lakh,ALL-ROUNDER,,,,Unsold,
976,V. Athisayaraj,20 Lakh,BOWLER,,,,Unsold,
977,Ottneil Baartman,20 Lakh,BOWLER,,,,Unsold,
978,M.B. Darshan,20 Lakh,BOWLER,,,,Unsold,
979,V. Gowtham,20 Lakh,BOWLER,,,,Unsold,
980,Khwezi Gumede,20 Lakh,BOWLER,,,,Unsold,
981,Liam Guthrie,20 Lakh,BOWLER,,,,Unsold,
982,Liam Hatcher,20 Lakh,BOWLER,,,,Unsold,
983,Jay Bista,20 Lakh,ALL-ROUNDER,,,,Unsold,
984,Saurav Chuahan,20 Lakh,ALL-ROUNDER,,,,Unsold,
985,Tajinder Dhillon,20 Lakh,ALL-ROUNDER,,,,Unsold,
986,Dikshanshu Negi,20 Lakh,ALL-ROUNDER,,,,Unsold,
987,Abhishek Raut,20 Lakh,ALL-ROUNDER,,,,Unsold,
988,K.V. Sasikanth,20 Lakh,ALL-ROUNDER,,,,Unsold,
989,Bharat Sharma,20 Lakh,ALL-ROUNDER,,,,Unsold,
990,Shivam Sharma,20 Lakh,ALL-ROUNDER,,,,Unsold,
991,Amit Yadav,20 Lakh,ALL-ROUNDER,,,,Unsold,
992,Manoj Bhandage,20 Lakh,ALL-ROUNDER,,,,Unsold,
993,Arun Chaprana,20 Lakh,ALL-ROUNDER,,,,Unsold,
994,Ajay Dev Goud,20 Lakh,ALL-ROUNDER,,,,Unsold,
995,Divyang Hinganekar,20 Lakh,ALL-ROUNDER,,,,Unsold,
996,Azim Kazi,20 Lakh,ALL-ROUNDER,,,,Unsold,
997,Sujit Nayak,20 Lakh,ALL-ROUNDER,,,,Unsold,
998,Parth Sahani,20 Lakh,ALL-ROUNDER,,,,Unsold,
999,Ashutosh Sharma,20 Lakh,ALL-ROUNDER,,,,Unsold,
1000,Vivrant Sharma,20 Lakh,ALL-ROUNDER,,,,Unsold,
1001,Kumar Kartikeya Singh,20 Lakh,ALL-ROUNDER,,,,Unsold,
1002,Ravi Chauhan,20 Lakh,ALL-ROUNDER,,,,Unsold,
1003,Shafiqullah Ghafari,20 Lakh,ALL-ROUNDER,,,,Unsold,
1004,M. Mohammed,20 Lakh,ALL-ROUNDER,,,,Unsold,
1005,Pulkit Narang,20 Lakh,ALL-ROUNDER,,,,Unsold,
1006,Pradosh Paul,20 Lakh,ALL-ROUNDER,,,,Unsold,
1007,Pushpendra Singh Rathore,20 Lakh,ALL-ROUNDER,,,,Unsold,
1008,Jason Sangha,20 Lakh,ALL-ROUNDER,,,,Unsold,
1009,Purnank Tyagi,20 Lakh,ALL-ROUNDER,,,,Unsold,
1010,Samarth Vyas,20 Lakh,ALL-ROUNDER,,,,Unsold,
1011,Duan Jansen,20 Lakh,ALL-ROUNDER,,,,Unsold,
1012,Dev Lakra,20 Lakh,ALL-ROUNDER,,,,Unsold,
1013,Ajay Mandal,20 Lakh,ALL-ROUNDER,,,,Unsold,
1014,Lakhan Raja,20 Lakh,ALL-ROUNDER,,,,Unsold,
1015,Girinath Reddy,20 Lakh,ALL-ROUNDER,,,,Unsold,
1016,Siddhant Sharma,20 Lakh,ALL-ROUNDER,,,,Unsold,
1017,Matthew Short,20 Lakh,ALL-ROUNDER,,,,Unsold,
1018,Saurin Thakar,20 Lakh,ALL-ROUNDER,,,,Unsold,
1019,Nyeem Young,20 Lakh,ALL-ROUNDER,,,,Unsold,
1020,Yuvraj Chaudhary,20 Lakh,ALL-ROUNDER,,,,Unsold,
1021,Khizar Dafedar,20 Lakh,ALL-ROUNDER,,,,Unsold,
1022,Sahil Dhiwan,20 Lakh,ALL-ROUNDER,,,,Unsold,
1023,Arjit Gupta,20 Lakh,ALL-ROUNDER,,,,Unsold,
1024,Mickil Jaiswal,20 Lakh,ALL-ROUNDER,,,,Unsold,
1025,Ryan John,20 Lakh,ALL-ROUNDER,,,,Unsold,
1026,J. Kousik,20 Lakh,ALL-ROUNDER,,,,Unsold,
1027,Jitender Pal,20 Lakh,ALL-ROUNDER,,,,Unsold,
1028,Jonty Sidhu,20 Lakh,ALL-ROUNDER,,,,Unsold,
1029,Yashovardhan Singh,20 Lakh,ALL-ROUNDER,,,,Unsold,
1030,Beyers Swanepoel,20 Lakh,ALL-ROUNDER,,,,Unsold,
1031,Pranshu Vijayran,20 Lakh,ALL-ROUNDER,,,,Unsold,
1032,Ishan Afridi,20 Lakh,ALL-ROUNDER,,,,Unsold,
1033,Mohammed Afridi,20 Lakh,ALL-ROUNDER,,,,Unsold,
1034,Prerit Agrawal,20 Lakh,ALL-ROUNDER,,,,Unsold,
1035,Aidan Cahill,20 Lakh,ALL-ROUNDER,,,,Unsold,
1036,Mark Deyal,20 Lakh,ALL-ROUNDER,,,,Unsold,
1037,Nidhish Rajagopal,20 Lakh,ALL-ROUNDER,,,,Unsold,
1038,Bavanaka Sandeep,20 Lakh,ALL-ROUNDER,,,,Unsold,
1039,Safyaan Sharif,20 Lakh,ALL-ROUNDER,,,,Unsold,
1040,Henry Shipley,20 Lakh,ALL-ROUNDER,,,,Unsold,
1041,Maxwell Swaminathan,20 Lakh,ALL-ROUNDER,,,,Unsold,
1042,Johan Van Dyk,20 Lakh,ALL-ROUNDER,,,,Unsold,
1043,Dunith Wellalage,20 Lakh,ALL-ROUNDER,,,,Unsold,
1044,Agnivesh Ayachi,20 Lakh,ALL-ROUNDER,,,PBKS,Unsold,
1045,Rohan Rana,20 Lakh,ALL-ROUNDER,,,,Unsold,
1046,Nitish Reddy,20 Lakh,ALL-ROUNDER,,,,Unsold,
1047,Hardik Tamore,20 Lakh,WICKETKEEPER,,,,Unsold,
1048,Mihir Hirwani,20 Lakh,BOWLER,,,,Unsold,
1049,Sairaj Patil,20 Lakh,BATTER,,,,Unsold,
1050,Monu Singh,20 Lakh,BOWLER,,,,Unsold,
1051,Nivethan Radhakrishnan,20 Lakh,BOWLER,,,,Unsold,
1052,Lance Morris,20 Lakh,BOWLER,,,,Unsold,
1053,Aaron Hardie,20 Lakh,ALL-ROUNDER,,,,Unsold,
